ID,Titulo,PS4,PS5,Tipo,Consola,URL,Venta
1138,Assassins Creed Syndicate,show,hide,Primaria,PS5,https://image.api.playstation.com/cdn/EP0001/CUSA02376_00/IK3koKU9jw2vs3b8CF41x9lEcvAIiVpa6z7oGxWvMPHrHnoEbMD53jsGmdiLMP65.png?w=1024&,
1193,Assassins Creed Valhalla - Deluxe Edition,show,show,Primaria,PS4,https://image.api.playstation.com/vulcan/ap/rnd/202107/1908/cL56NlIExh6iTw6gbcIvmUQ0.png?w=1024&,
1193,Assassins Creed Valhalla - Deluxe Edition,show,show,Secundaria,PS5,https://image.api.playstation.com/vulcan/ap/rnd/202107/1908/cL56NlIExh6iTw6gbcIvmUQ0.png?w=1024&,
1193,Assassins Creed Valhalla - Deluxe Edition,show,show,Secundaria,PS4,https://image.api.playstation.com/vulcan/ap/rnd/202107/1908/cL56NlIExh6iTw6gbcIvmUQ0.png?w=1024&,
1124,Atomic Heart - Gold Edition (PS4 & PS5),show,show,Primaria,PS5,https://image.api.playstation.com/vulcan/ap/rnd/202209/2815/OD6JfndvVxngn2CsysF9pdIN.png?w=1024&,
1124,Atomic Heart - Gold Edition (PS4 & PS5),show,show,Secundaria,PS5,https://image.api.playstation.com/vulcan/ap/rnd/202209/2815/OD6JfndvVxngn2CsysF9pdIN.png?w=1024&,
1124,Atomic Heart - Gold Edition (PS4 & PS5),show,show,Secundaria,PS4,https://image.api.playstation.com/vulcan/ap/rnd/202209/2815/OD6JfndvVxngn2CsysF9pdIN.png?w=1024&,
1181,Batman: Arkham Collection,show,hide,Primaria,PS5,https://image.api.playstation.com/cdn/UP1018/CUSA00133_00/DsXSr2e4lbbinbQ7VOcBIu2HtSTyhrv8.png?w=1024&,
1181,Batman: Arkham Collection,show,hide,Secundaria,PS5,https://image.api.playstation.com/cdn/UP1018/CUSA00133_00/DsXSr2e4lbbinbQ7VOcBIu2HtSTyhrv8.png?w=1024&,
1217,Batman: Arkham Knight,show,hide,Primaria,PS5,https://image.api.playstation.com/cdn/UP1018/CUSA00133_00/due3Vp0T2VSGfBtGsWjVnrL4o882iYVk.png?w=1024&,
1217,Batman: Arkham Knight,show,hide,Secundaria,PS5,https://image.api.playstation.com/cdn/UP1018/CUSA00133_00/due3Vp0T2VSGfBtGsWjVnrL4o882iYVk.png?w=1024&,
1217,Batman: Arkham Knight,show,hide,Secundaria,PS4,https://image.api.playstation.com/cdn/UP1018/CUSA00133_00/due3Vp0T2VSGfBtGsWjVnrL4o882iYVk.png?w=1024&,
1182,Batman: Arkham Knight Premium Edition,show,hide,Primaria,PS5,https://image.api.playstation.com/cdn/UP1018/CUSA00133_00/Qsyx0vsXd6yI1JcqE8wtN3vUiDFjq6xR.png?w=1024&,
1182,Batman: Arkham Knight Premium Edition,show,hide,Secundaria,PS5,https://image.api.playstation.com/cdn/UP1018/CUSA00133_00/Qsyx0vsXd6yI1JcqE8wtN3vUiDFjq6xR.png?w=1024&,
1182,Batman: Arkham Knight Premium Edition,show,hide,Secundaria,PS4,https://image.api.playstation.com/cdn/UP1018/CUSA00133_00/Qsyx0vsXd6yI1JcqE8wtN3vUiDFjq6xR.png?w=1024&,
1183,Battlefield 1,show,hide,Primaria,PS5,https://image.api.playstation.com/cdn/UP0006/CUSA02429_00/OiogYov24Z1qOACNXqDgXG6HDilA0amk.png?w=1024&,
1183,Battlefield 1,show,hide,Secundaria,PS5,https://image.api.playstation.com/cdn/UP0006/CUSA02429_00/OiogYov24Z1qOACNXqDgXG6HDilA0amk.png?w=1024&,
1183,Battlefield 1,show,hide,Secundaria,PS4,https://image.api.playstation.com/cdn/UP0006/CUSA02429_00/OiogYov24Z1qOACNXqDgXG6HDilA0amk.png?w=1024&,5.0
1184,Battlefield V,show,hide,Primaria,PS5,https://image.api.playstation.com/cdn/UP0006/CUSA08724_00/knyiQNrzbp6tEe8t04AYRhhJUF5wLIGO.png?w=1024&,
1184,Battlefield V,show,hide,Secundaria,PS5,https://image.api.playstation.com/cdn/UP0006/CUSA08724_00/knyiQNrzbp6tEe8t04AYRhhJUF5wLIGO.png?w=1024&,
1161,BioShock: The Collection,show,hide,Primaria,PS5,https://image.api.playstation.com/cdn/UP1001/CUSA03979_00/ivePKSUfdcJLlHTUTVLfWVCElVosmzyx.png?w=1024&,
1161,BioShock: The Collection,show,hide,Secundaria,PS5,https://image.api.playstation.com/cdn/UP1001/CUSA03979_00/ivePKSUfdcJLlHTUTVLfWVCElVosmzyx.png?w=1024&,
1161,BioShock: The Collection,show,hide,Secundaria,PS4,https://image.api.playstation.com/cdn/UP1001/CUSA03979_00/ivePKSUfdcJLlHTUTVLfWVCElVosmzyx.png?w=1024&,
1141,Blasphemous,show,hide,Primaria,PS5,https://image.api.playstation.com/vulcan/ap/rnd/202210/0610/5MnmcnD6qqpjLbOS84kdIzJo.png?w=1024&,
1141,Blasphemous,show,hide,Secundaria,PS5,https://image.api.playstation.com/vulcan/ap/rnd/202210/0610/5MnmcnD6qqpjLbOS84kdIzJo.png?w=1024&,
1141,Blasphemous,show,hide,Secundaria,PS4,https://image.api.playstation.com/vulcan/ap/rnd/202210/0610/5MnmcnD6qqpjLbOS84kdIzJo.png?w=1024&,
1113,Bloodborne,show,hide,Primaria,PS5,https://image.api.playstation.com/vulcan/img/rnd/202011/0713/WSZqsrnejjt85wYmUqeBQvMQ.png?w=1024&,
1113,Bloodborne,show,hide,Secundaria,PS5,https://image.api.playstation.com/vulcan/img/rnd/202011/0713/WSZqsrnejjt85wYmUqeBQvMQ.png?w=1024&,
1113,Bloodborne,show,hide,Secundaria,PS4,https://image.api.playstation.com/vulcan/img/rnd/202011/0713/WSZqsrnejjt85wYmUqeBQvMQ.png?w=1024&,5.0
1194,Bloodborne Complete Edition Bundle,show,hide,Primaria,PS5,https://image.api.playstation.com/cdn/UP9000/CUSA00900_00/9EJsLXyKS0S1BRey5nwQBOuYr6EDRbGX.png?w=1024&,
1194,Bloodborne Complete Edition Bundle,show,hide,Secundaria,PS5,https://image.api.playstation.com/cdn/UP9000/CUSA00900_00/9EJsLXyKS0S1BRey5nwQBOuYr6EDRbGX.png?w=1024&,
1194,Bloodborne Complete Edition Bundle,show,hide,Secundaria,PS4,https://image.api.playstation.com/cdn/UP9000/CUSA00900_00/9EJsLXyKS0S1BRey5nwQBOuYr6EDRbGX.png?w=1024&,
1117,Call of Duty: Black Ops 4,show,hide,Secundaria,PS5,https://image.api.playstation.com/vulcan/img/cfn/113073miFl8n5KuJvbUODdSI8QAHJwVxQEnl2RAiJczrztnMIS-g3T2CyOvhthnE5hHJ7sRZ55W76sk30gfZWILvL0UAkzbT.png?w=1024&,
1117,Call of Duty: Black Ops 4,show,hide,Secundaria,PS4,https://image.api.playstation.com/vulcan/img/cfn/113073miFl8n5KuJvbUODdSI8QAHJwVxQEnl2RAiJczrztnMIS-g3T2CyOvhthnE5hHJ7sRZ55W76sk30gfZWILvL0UAkzbT.png?w=1024&,
1166,Call of Duty: Black Ops 4 - Digital Deluxe,show,hide,Secundaria,PS5,https://image.api.playstation.com/cdn/UP0002/CUSA11100_00/BEzAljwpy76DZrISi8jbZ7ifPMdIls61.png?w=1024&,
1166,Call of Duty: Black Ops 4 - Digital Deluxe,show,hide,Secundaria,PS4,https://image.api.playstation.com/cdn/UP0002/CUSA11100_00/BEzAljwpy76DZrISi8jbZ7ifPMdIls61.png?w=1024&,
1149,Call of Duty: Vanguard - Cross-Gen Bundle,show,show,Primaria,PS5,https://image.api.playstation.com/vulcan/img/rnd/202109/2219/3nxLnMk9MS32r4wEPOwT0Xd2.png?w=1024&,
1149,Call of Duty: Vanguard - Cross-Gen Bundle,show,show,Secundaria,PS5,https://image.api.playstation.com/vulcan/img/rnd/202109/2219/3nxLnMk9MS32r4wEPOwT0Xd2.png?w=1024&,
1149,Call of Duty: Vanguard - Cross-Gen Bundle,show,show,Secundaria,PS4,https://image.api.playstation.com/vulcan/img/rnd/202109/2219/3nxLnMk9MS32r4wEPOwT0Xd2.png?w=1024&,
1107,Call of Duty: WWII - Gold Edition,show,hide,Primaria,PS5,https://image.api.playstation.com/cdn/UP0002/CUSA05969_00/nlfYJ2MgBqIZiX5WAuTsjl65xJPfutjp.png?w=1024&,16.0
1107,Call of Duty: WWII - Gold Edition,show,hide,Secundaria,PS5,https://image.api.playstation.com/cdn/UP0002/CUSA05969_00/nlfYJ2MgBqIZiX5WAuTsjl65xJPfutjp.png?w=1024&,
1107,Call of Duty: WWII - Gold Edition,show,hide,Secundaria,PS4,https://image.api.playstation.com/cdn/UP0002/CUSA05969_00/nlfYJ2MgBqIZiX5WAuTsjl65xJPfutjp.png?w=1024&,
709,Five Nights at Freddys: Security Breach,show,show,Secundaria,PS5,https://image.api.playstation.com/vulcan/img/rnd/202112/0804/2UTMvRFqn4SdaoxhtQnxchcn.png?w=1024&,
709,Five Nights at Freddys: Security Breach,show,show,Secundaria,PS4,https://image.api.playstation.com/vulcan/img/rnd/202112/0804/2UTMvRFqn4SdaoxhtQnxchcn.png?w=1024&,
1083,Crash Bandicoot - Crashiversary Bundle,show,show,Secundaria,PS5,https://image.api.playstation.com/vulcan/img/rnd/202111/1823/eJC5Gvrsie9cGJsmHQHMZrWp.png?w=1024&,
1083,Crash Bandicoot - Crashiversary Bundle,show,show,Secundaria,PS4,https://image.api.playstation.com/vulcan/img/rnd/202111/1823/eJC5Gvrsie9cGJsmHQHMZrWp.png?w=1024&,
1090,Crash Bandicoot Bundle - N. Sane Trilogy + CTR Nitro-Fueled,show,hide,Primaria,PS5,https://image.api.playstation.com/vulcan/img/cfn/11307iJs-Ep_n_cx8jipRTakObh2Ve0GnSyyvGGHvZRgjlPMcjzP0LBCIq2qEkPZrNrJLxAeAkjbsLuuvKVtv1A74WIY0lMp.png?w=1024&,7.0
1090,Crash Bandicoot Bundle - N. Sane Trilogy + CTR Nitro-Fueled,show,hide,Secundaria,PS5,https://image.api.playstation.com/vulcan/img/cfn/11307iJs-Ep_n_cx8jipRTakObh2Ve0GnSyyvGGHvZRgjlPMcjzP0LBCIq2qEkPZrNrJLxAeAkjbsLuuvKVtv1A74WIY0lMp.png?w=1024&,
1090,Crash Bandicoot Bundle - N. Sane Trilogy + CTR Nitro-Fueled,show,hide,Secundaria,PS4,https://image.api.playstation.com/vulcan/img/cfn/11307iJs-Ep_n_cx8jipRTakObh2Ve0GnSyyvGGHvZRgjlPMcjzP0LBCIq2qEkPZrNrJLxAeAkjbsLuuvKVtv1A74WIY0lMp.png?w=1024&,
1168,Crash Team Racing Nitro-Fueled + Spyro Game Bundle,show,hide,Secundaria,PS5,https://image.api.playstation.com/vulcan/img/cfn/11307bJJuTo3QQpiyOQvDANqB0dVR421HchsSQxgmkKzgs6EJqODRtwD-1rtmMMQglCia5TV5MaL4dUQQNLfqSroUYkj6n4N.png?w=1024&,
1168,Crash Team Racing Nitro-Fueled + Spyro Game Bundle,show,hide,Secundaria,PS4,https://image.api.playstation.com/vulcan/img/cfn/11307bJJuTo3QQpiyOQvDANqB0dVR421HchsSQxgmkKzgs6EJqODRtwD-1rtmMMQglCia5TV5MaL4dUQQNLfqSroUYkj6n4N.png?w=1024&,
1169,Crusader Kings III,hide,show,Secundaria,PS5,https://image.api.playstation.com/vulcan/ap/rnd/202108/1607/czGau6hOvx9iQYOOkACdxqDl.png?w=1024&,
1170,Crysis 3 Remastered,show,hide,Primaria,PS5,https://image.api.playstation.com/vulcan/img/rnd/202110/1316/rIy0L0Kcna1MHuT5D5lWwsAW.png?w=1024&,
1170,Crysis 3 Remastered,show,hide,Secundaria,PS5,https://image.api.playstation.com/vulcan/img/rnd/202110/1316/rIy0L0Kcna1MHuT5D5lWwsAW.png?w=1024&,
1170,Crysis 3 Remastered,show,hide,Secundaria,PS4,https://image.api.playstation.com/vulcan/img/rnd/202110/1316/rIy0L0Kcna1MHuT5D5lWwsAW.png?w=1024&,
1171,Cuphead & The Delicious Last Course,show,hide,Secundaria,PS5,https://image.api.playstation.com/vulcan/ap/rnd/202206/0720/YtVQxeryHysv6WmGGAaIZnx5.png?w=1024&,
1171,Cuphead & The Delicious Last Course,show,hide,Secundaria,PS4,https://image.api.playstation.com/vulcan/ap/rnd/202206/0720/YtVQxeryHysv6WmGGAaIZnx5.png?w=1024&,
1096,DARK SOULS III - Deluxe Edition,show,hide,Primaria,PS5,https://image.api.playstation.com/cdn/UP0700/CUSA03388_00/Fg2otuFMeKjhnXG2QLUrwKqrMNvsC0n9.png?w=1024&,
1096,DARK SOULS III - Deluxe Edition,show,hide,Secundaria,PS5,https://image.api.playstation.com/cdn/UP0700/CUSA03388_00/Fg2otuFMeKjhnXG2QLUrwKqrMNvsC0n9.png?w=1024&,
1096,DARK SOULS III - Deluxe Edition,show,hide,Secundaria,PS4,https://image.api.playstation.com/cdn/UP0700/CUSA03388_00/Fg2otuFMeKjhnXG2QLUrwKqrMNvsC0n9.png?w=1024&,
1151,Demon Slayer -Kimetsu no Yaiba- The Hinokami Chronicles Deluxe Edition PS4 & PS5,show,show,Primaria,PS5,https://image.api.playstation.com/vulcan/ap/rnd/202106/2115/yvl4t3kO54WQ2cn1E5X0Mh2U.png?w=1024&,
1151,Demon Slayer -Kimetsu no Yaiba- The Hinokami Chronicles Deluxe Edition PS4 & PS5,show,show,Secundaria,PS5,https://image.api.playstation.com/vulcan/ap/rnd/202106/2115/yvl4t3kO54WQ2cn1E5X0Mh2U.png?w=1024&,
1151,Demon Slayer -Kimetsu no Yaiba- The Hinokami Chronicles Deluxe Edition PS4 & PS5,show,show,Secundaria,PS4,https://image.api.playstation.com/vulcan/ap/rnd/202106/2115/yvl4t3kO54WQ2cn1E5X0Mh2U.png?w=1024&,
1115,Devil May Cry 4 Special Edition,show,hide,Primaria,PS5,https://image.api.playstation.com/cdn/UP0102/CUSA01671_00/Yh4t5jErXoypHgkUevheALHMnEGxEiTb.png?w=1024&,
1115,Devil May Cry 4 Special Edition,show,hide,Secundaria,PS5,https://image.api.playstation.com/cdn/UP0102/CUSA01671_00/Yh4t5jErXoypHgkUevheALHMnEGxEiTb.png?w=1024&,
1115,Devil May Cry 4 Special Edition,show,hide,Secundaria,PS4,https://image.api.playstation.com/cdn/UP0102/CUSA01671_00/Yh4t5jErXoypHgkUevheALHMnEGxEiTb.png?w=1024&,
640,Devil May Cry 5 + Vergil,show,hide,Primaria,PS5,https://image.api.playstation.com/vulcan/ap/rnd/202107/3011/rYaiuh9eo4KaCjUjwQsA2xMP.png?w=1024&,
640,Devil May Cry 5 + Vergil,show,hide,Secundaria,PS5,https://image.api.playstation.com/vulcan/ap/rnd/202107/3011/rYaiuh9eo4KaCjUjwQsA2xMP.png?w=1024&,
640,Devil May Cry 5 + Vergil,show,hide,Secundaria,PS4,https://image.api.playstation.com/vulcan/ap/rnd/202107/3011/rYaiuh9eo4KaCjUjwQsA2xMP.png?w=1024&,
644,Devil May Cry 5 Special Edition,hide,show,Secundaria,PS5,https://image.api.playstation.com/vulcan/ap/rnd/202009/1710/UUnpHLJqLAIJX5HioswiPuAm.png?w=1024&,
649,Dishonored 2,show,hide,Primaria,PS5,https://image.api.playstation.com/vulcan/ap/rnd/202009/2918/1UfdyQmXpeSdoFE104sNkLd4.png?w=1024&,
649,Dishonored 2,show,hide,Secundaria,PS5,https://image.api.playstation.com/vulcan/ap/rnd/202009/2918/1UfdyQmXpeSdoFE104sNkLd4.png?w=1024&,
649,Dishonored 2,show,hide,Secundaria,PS4,https://image.api.playstation.com/vulcan/ap/rnd/202009/2918/1UfdyQmXpeSdoFE104sNkLd4.png?w=1024&,
650,DmC Devil May Cry: Definitive Edition,show,hide,Primaria,PS5,https://image.api.playstation.com/cdn/UP0102/CUSA01013_00/avik0LrEZGvbZ782Xi2Bo6MQTnF9GupS.png?w=1024&,
650,DmC Devil May Cry: Definitive Edition,show,hide,Secundaria,PS5,https://image.api.playstation.com/cdn/UP0102/CUSA01013_00/avik0LrEZGvbZ782Xi2Bo6MQTnF9GupS.png?w=1024&,
650,DmC Devil May Cry: Definitive Edition,show,hide,Secundaria,PS4,https://image.api.playstation.com/cdn/UP0102/CUSA01013_00/avik0LrEZGvbZ782Xi2Bo6MQTnF9GupS.png?w=1024&,
658,Dragon Age: Inquisition - Game of the Year Edition,show,hide,Primaria,PS5,https://image.api.playstation.com/cdn/UP0006/CUSA00220_00/IbsDPt3UP6hVS5RC4FGTydyXZ50Qp4uA.png?w=1024&,
658,Dragon Age: Inquisition - Game of the Year Edition,show,hide,Secundaria,PS5,https://image.api.playstation.com/cdn/UP0006/CUSA00220_00/IbsDPt3UP6hVS5RC4FGTydyXZ50Qp4uA.png?w=1024&,
658,Dragon Age: Inquisition - Game of the Year Edition,show,hide,Secundaria,PS4,https://image.api.playstation.com/cdn/UP0006/CUSA00220_00/IbsDPt3UP6hVS5RC4FGTydyXZ50Qp4uA.png?w=1024&,
659,DRAGON BALL FighterZ - FighterZ Edition PS4 & PS5,show,show,Primaria,PS5,https://image.api.playstation.com/vulcan/ap/rnd/202402/1608/c8572ca2b1f8ff5479878a0f1c306b294e24528b31009b1f.png?w=1024&,
662,DRAGON BALL XENOVERSE 2,show,show,Primaria,PS5,https://image.api.playstation.com/vulcan/ap/rnd/202312/2208/e4b4b4b9bba306e560f5ea1a6ea985692cce579f8b826c0b.png?w=1024&,12.0
662,DRAGON BALL XENOVERSE 2,show,show,Secundaria,PS5,https://image.api.playstation.com/vulcan/ap/rnd/202312/2208/e4b4b4b9bba306e560f5ea1a6ea985692cce579f8b826c0b.png?w=1024&,
662,DRAGON BALL XENOVERSE 2,show,show,Secundaria,PS4,https://image.api.playstation.com/vulcan/ap/rnd/202312/2208/e4b4b4b9bba306e560f5ea1a6ea985692cce579f8b826c0b.png?w=1024&,
663,DRAGON BALL XENOVERSE 2 Deluxe Edition,show,show,Primaria,PS4,https://image.api.playstation.com/vulcan/ap/rnd/202312/1404/39743389302fa977d0faaf43afc5c4fe3ff62f164a8f1219.png?w=1024&,5.0
663,DRAGON BALL XENOVERSE 2 Deluxe Edition,show,show,Secundaria,PS5,https://image.api.playstation.com/vulcan/ap/rnd/202312/1404/39743389302fa977d0faaf43afc5c4fe3ff62f164a8f1219.png?w=1024&,
663,DRAGON BALL XENOVERSE 2 Deluxe Edition,show,show,Secundaria,PS4,https://image.api.playstation.com/vulcan/ap/rnd/202312/1404/39743389302fa977d0faaf43afc5c4fe3ff62f164a8f1219.png?w=1024&,
666,Dying Light - Essentials Edition,show,hide,Primaria,PS5,https://image.api.playstation.com/vulcan/ap/rnd/202603/0308/63ac1d0e60a2dc6f3536a94100dd02fa934ad4e792dbd862.png?w=1024&,
666,Dying Light - Essentials Edition,show,hide,Secundaria,PS5,https://image.api.playstation.com/vulcan/ap/rnd/202603/0308/63ac1d0e60a2dc6f3536a94100dd02fa934ad4e792dbd862.png?w=1024&,
666,Dying Light - Essentials Edition,show,hide,Secundaria,PS4,https://image.api.playstation.com/vulcan/ap/rnd/202603/0308/63ac1d0e60a2dc6f3536a94100dd02fa934ad4e792dbd862.png?w=1024&,
669,Dying Light Definitive Edition,show,hide,Primaria,PS5,https://image.api.playstation.com/vulcan/ap/rnd/202510/2310/8892b3ed5b317177580ceded686e1b75e99072af61a93c1b.png?w=1024&,
685,Fallout 4,show,show,Primaria,PS5,https://image.api.playstation.com/cdn/UP1003/CUSA02557_00/j4PdxSxO3optsrP1SxnAqdq6qCmYPd9x.png?w=1024&,
685,Fallout 4,show,show,Secundaria,PS5,https://image.api.playstation.com/cdn/UP1003/CUSA02557_00/j4PdxSxO3optsrP1SxnAqdq6qCmYPd9x.png?w=1024&,
685,Fallout 4,show,show,Secundaria,PS4,https://image.api.playstation.com/cdn/UP1003/CUSA02557_00/j4PdxSxO3optsrP1SxnAqdq6qCmYPd9x.png?w=1024&,
699,Far Cry 3 Classic Edition,show,hide,Primaria,PS5,https://image.api.playstation.com/cdn/UP0001/CUSA10357_00/YoJmqdJ3jDHz0ZQI6DrkzofAXaATiA8K.png?w=1024&,
699,Far Cry 3 Classic Edition,show,hide,Secundaria,PS4,https://image.api.playstation.com/cdn/UP0001/CUSA10357_00/YoJmqdJ3jDHz0ZQI6DrkzofAXaATiA8K.png?w=1024&,
695,Far Cry 6 Game of the Year Edition,show,show,Primaria,PS5,https://image.api.playstation.com/vulcan/ap/rnd/202211/2908/NpZIOIAOlmo7Xux0EIhKg6j3.png?w=1024&,
695,Far Cry 6 Game of the Year Edition,show,show,Secundaria,PS5,https://image.api.playstation.com/vulcan/ap/rnd/202211/2908/NpZIOIAOlmo7Xux0EIhKg6j3.png?w=1024&,
695,Far Cry 6 Game of the Year Edition,show,show,Secundaria,PS4,https://image.api.playstation.com/vulcan/ap/rnd/202211/2908/NpZIOIAOlmo7Xux0EIhKg6j3.png?w=1024&,3.6
1173,Far Cry 6: Gold Edition PS4 & PS5,show,show,Primaria,PS5,https://image.api.playstation.com/vulcan/img/rnd/202109/1314/g98aC9BvIoQhD4AqZVpRCa90.png?w=1024&,
1173,Far Cry 6: Gold Edition PS4 & PS5,show,show,Secundaria,PS5,https://image.api.playstation.com/vulcan/img/rnd/202109/1314/g98aC9BvIoQhD4AqZVpRCa90.png?w=1024&,
1173,Far Cry 6: Gold Edition PS4 & PS5,show,show,Secundaria,PS4,https://image.api.playstation.com/vulcan/img/rnd/202109/1314/g98aC9BvIoQhD4AqZVpRCa90.png?w=1024&,
710,Forza Horizon 5 Deluxe Edition,hide,show,Secundaria,PS5,https://image.api.playstation.com/vulcan/ap/rnd/202502/0323/dd48c217bdc1f833c68a2b02a1df330372f664faa860d762.png?w=1024&,
719,God of War Ragnar�k Digital Deluxe Edition,show,show,Secundaria,PS5,https://image.api.playstation.com/vulcan/ap/rnd/202207/1117/atvwj6aoIQyXIlOrDpOw3LO4.png?w=1024&,
719,God of War Ragnar�k Digital Deluxe Edition,show,show,Secundaria,PS4,https://image.api.playstation.com/vulcan/ap/rnd/202207/1117/atvwj6aoIQyXIlOrDpOw3LO4.png?w=1024&,
725,Grand Theft Auto Online (PlayStation5),hide,show,Secundaria,PS5,https://image.api.playstation.com/vulcan/ap/rnd/202202/2816/mYn2ETBKFct26V9mJnZi4aSS.png?w=1024&,
728,Grand Theft Auto V (PS4 & PS5),show,show,Primaria,PS4,https://image.api.playstation.com/vulcan/ap/rnd/202203/1409/oltI7Zc96usbdvhVVXcV1EAi.png?w=1024&,
728,Grand Theft Auto V (PS4 & PS5),show,show,Primaria,PS5,https://image.api.playstation.com/vulcan/ap/rnd/202203/1409/oltI7Zc96usbdvhVVXcV1EAi.png?w=1024&,
728,Grand Theft Auto V (PS4 & PS5),show,show,Secundaria,PS5,https://image.api.playstation.com/vulcan/ap/rnd/202203/1409/oltI7Zc96usbdvhVVXcV1EAi.png?w=1024&,
728,Grand Theft Auto V (PS4 & PS5),show,show,Secundaria,PS4,https://image.api.playstation.com/vulcan/ap/rnd/202203/1409/oltI7Zc96usbdvhVVXcV1EAi.png?w=1024&,
743,Hogwarts Legacy: Digital Deluxe Edition,show,show,Primaria,PS4,https://image.api.playstation.com/vulcan/ap/rnd/202503/2716/f9a88585e037ba158ae7d2bae82c1554510958dd206788d5.png?w=1024&,
1147,Injustice 2,show,hide,Primaria,PS5,https://image.api.playstation.com/vulcan/img/cfn/11307E5KevhsRf1A5fO5J5E6EyFwwYnr6PfrU-17MkMzM7lQz-m0j3Ozngwgx2dRUSpQNOHegfxi7c8dz9nl2DtRdkwDstMw.png?w=1024&,
1147,Injustice 2,show,hide,Secundaria,PS5,https://image.api.playstation.com/vulcan/img/cfn/11307E5KevhsRf1A5fO5J5E6EyFwwYnr6PfrU-17MkMzM7lQz-m0j3Ozngwgx2dRUSpQNOHegfxi7c8dz9nl2DtRdkwDstMw.png?w=1024&,
1147,Injustice 2,show,hide,Secundaria,PS4,https://image.api.playstation.com/vulcan/img/cfn/11307E5KevhsRf1A5fO5J5E6EyFwwYnr6PfrU-17MkMzM7lQz-m0j3Ozngwgx2dRUSpQNOHegfxi7c8dz9nl2DtRdkwDstMw.png?w=1024&,2.5
755,Injustice 2 - Legendary Edition,show,hide,Secundaria,PS5,https://image.api.playstation.com/cdn/UP1018/CUSA10992_00/yvD6OvUcyKOjdWMRwWAtJuZ7tKWQ6VHv.png?w=1024&,
755,Injustice 2 - Legendary Edition,show,hide,Secundaria,PS4,https://image.api.playstation.com/cdn/UP1018/CUSA10992_00/yvD6OvUcyKOjdWMRwWAtJuZ7tKWQ6VHv.png?w=1024&,
1026,Tom Clancy�s Ghost Recon Wildlands Standard Edition,show,hide,Primaria,PS5,https://image.api.playstation.com/cdn/UP0001/CUSA02902_00/LmixBxp3eIPxu3vc1y4Bxx3UIc3l6rzx.png?w=1024&,7.0
1026,Tom Clancy�s Ghost Recon Wildlands Standard Edition,show,hide,Secundaria,PS5,https://image.api.playstation.com/cdn/UP0001/CUSA02902_00/LmixBxp3eIPxu3vc1y4Bxx3UIc3l6rzx.png?w=1024&,
1026,Tom Clancy�s Ghost Recon Wildlands Standard Edition,show,hide,Secundaria,PS4,https://image.api.playstation.com/cdn/UP0001/CUSA02902_00/LmixBxp3eIPxu3vc1y4Bxx3UIc3l6rzx.png?w=1024&,5.0
754,Injustice: Gods Among Us Ultimate Edition,show,hide,Primaria,PS5,https://image.api.playstation.com/cdn/UP1018/CUSA00079_00/aIeLur6wr7JwyUo5wHPf4yX2sAM1DH19.png?w=1024&,
757,It Takes Two PS4 & PS5,show,show,Secundaria,PS5,https://image.api.playstation.com/vulcan/ap/rnd/202012/0815/7CRynuLSAb0vysSC4TmZy5e4.png?w=1024&,
757,It Takes Two PS4 & PS5,show,show,Secundaria,PS4,https://image.api.playstation.com/vulcan/ap/rnd/202012/0815/7CRynuLSAb0vysSC4TmZy5e4.png?w=1024&,
1179,Kingdom Come: Deliverance,show,show,Primaria,PS5,https://image.api.playstation.com/vulcan/ap/rnd/202602/0313/8d0a12037596ef54fb9f7e79bd77bca4942df26119014b2c.png?w=1024&,
1179,Kingdom Come: Deliverance,show,show,Secundaria,PS5,https://image.api.playstation.com/vulcan/ap/rnd/202602/0313/8d0a12037596ef54fb9f7e79bd77bca4942df26119014b2c.png?w=1024&,
769,Kingdoms of Amalur: Re-Reckoning,show,hide,Primaria,PS4,https://image.api.playstation.com/vulcan/ap/rnd/202006/2610/7j1GUXdvOGPoLaaQRt2J2viK.png?w=1024&,
769,Kingdoms of Amalur: Re-Reckoning,show,hide,Secundaria,PS5,https://image.api.playstation.com/vulcan/ap/rnd/202006/2610/7j1GUXdvOGPoLaaQRt2J2viK.png?w=1024&,
769,Kingdoms of Amalur: Re-Reckoning,show,hide,Secundaria,PS4,https://image.api.playstation.com/vulcan/ap/rnd/202006/2610/7j1GUXdvOGPoLaaQRt2J2viK.png?w=1024&,
785,Life is Strange Remastered Collection,show,hide,Primaria,PS4,https://image.api.playstation.com/vulcan/ap/rnd/202105/1412/bJYCCmymxvgviuuolfOx8srg.png?w=1024&,
785,Life is Strange Remastered Collection,show,hide,Secundaria,PS5,https://image.api.playstation.com/vulcan/ap/rnd/202105/1412/bJYCCmymxvgviuuolfOx8srg.png?w=1024&,
785,Life is Strange Remastered Collection,show,hide,Secundaria,PS4,https://image.api.playstation.com/vulcan/ap/rnd/202105/1412/bJYCCmymxvgviuuolfOx8srg.png?w=1024&,
787,LIMBO & INSIDE Bundle,show,hide,Secundaria,PS5,https://image.api.playstation.com/vulcan/ap/rnd/202011/3008/WfGeHsHCYoPqM5Ux9HFrT1AR.png?w=1024&,
787,LIMBO & INSIDE Bundle,show,hide,Secundaria,PS4,https://image.api.playstation.com/vulcan/ap/rnd/202011/3008/WfGeHsHCYoPqM5Ux9HFrT1AR.png?w=1024&,
792,Lords of the Fallen Deluxe Edition,hide,show,Primaria,PS4,https://image.api.playstation.com/vulcan/ap/rnd/202308/2308/e3e15c28b56aa40ea81bd6cd0218a056cbad1b6867793c80.png?w=1024&,
792,Lords of the Fallen Deluxe Edition,hide,show,Secundaria,PS5,https://image.api.playstation.com/vulcan/ap/rnd/202308/2308/e3e15c28b56aa40ea81bd6cd0218a056cbad1b6867793c80.png?w=1024&,
792,Lords of the Fallen Deluxe Edition,hide,show,Secundaria,PS4,https://image.api.playstation.com/vulcan/ap/rnd/202308/2308/e3e15c28b56aa40ea81bd6cd0218a056cbad1b6867793c80.png?w=1024&,
793,Mafia II: Definitive Edition,show,hide,Primaria,PS5,https://image.api.playstation.com/vulcan/img/cfn/11307DO9eedqhwWEmMN0CoZLz2VcrH3OyC6eMxeIuCeBshFIj2P6aNDOrufsNFbgDdF_wLuzCAaDxbEk0rJobfXb7RUI73Ur.png?w=1024&,
793,Mafia II: Definitive Edition,show,hide,Secundaria,PS5,https://image.api.playstation.com/vulcan/img/cfn/11307DO9eedqhwWEmMN0CoZLz2VcrH3OyC6eMxeIuCeBshFIj2P6aNDOrufsNFbgDdF_wLuzCAaDxbEk0rJobfXb7RUI73Ur.png?w=1024&,
793,Mafia II: Definitive Edition,show,hide,Secundaria,PS4,https://image.api.playstation.com/vulcan/img/cfn/11307DO9eedqhwWEmMN0CoZLz2VcrH3OyC6eMxeIuCeBshFIj2P6aNDOrufsNFbgDdF_wLuzCAaDxbEk0rJobfXb7RUI73Ur.png?w=1024&,
1081,Mafia: Trilogy,show,hide,Primaria,PS5,https://image.api.playstation.com/vulcan/ap/rnd/202009/0902/7CAOfTFXzgypO4TWHnWtQstC.png?w=1024&,
1081,Mafia: Trilogy,show,hide,Secundaria,PS5,https://image.api.playstation.com/vulcan/ap/rnd/202009/0902/7CAOfTFXzgypO4TWHnWtQstC.png?w=1024&,
1081,Mafia: Trilogy,show,hide,Secundaria,PS4,https://image.api.playstation.com/vulcan/ap/rnd/202009/0902/7CAOfTFXzgypO4TWHnWtQstC.png?w=1024&,
806,METAL SLUG ANTHOLOGY,show,hide,Primaria,PS5,https://image.api.playstation.com/cdn/UP0576/CUSA03749_00/ImHDRENlttkdiXlm3K8ejNVgLURd3uTw.png?w=1024&,
806,METAL SLUG ANTHOLOGY,show,hide,Secundaria,PS5,https://image.api.playstation.com/cdn/UP0576/CUSA03749_00/ImHDRENlttkdiXlm3K8ejNVgLURd3uTw.png?w=1024&,
806,METAL SLUG ANTHOLOGY,show,hide,Secundaria,PS4,https://image.api.playstation.com/cdn/UP0576/CUSA03749_00/ImHDRENlttkdiXlm3K8ejNVgLURd3uTw.png?w=1024&,
813,Metro Exodus,show,show,Secundaria,PS5,https://image.api.playstation.com/vulcan/img/rnd/202010/2814/jhNIE3yH1SNEe9CmxTVHAdme.png?w=1024&,
813,Metro Exodus,show,show,Secundaria,PS4,https://image.api.playstation.com/vulcan/img/rnd/202010/2814/jhNIE3yH1SNEe9CmxTVHAdme.png?w=1024&,
812,Middle-earth: Shadow of Mordor - Game of the Year Edition,show,hide,Primaria,PS5,https://image.api.playstation.com/cdn/UP1018/CUSA01939_00/FLeJUgiFE7zF7bfdcajTozv07lX1R0LF.png?w=1024&,
812,Middle-earth: Shadow of Mordor - Game of the Year Edition,show,hide,Secundaria,PS5,https://image.api.playstation.com/cdn/UP1018/CUSA01939_00/FLeJUgiFE7zF7bfdcajTozv07lX1R0LF.png?w=1024&,
812,Middle-earth: Shadow of Mordor - Game of the Year Edition,show,hide,Secundaria,PS4,https://image.api.playstation.com/cdn/UP1018/CUSA01939_00/FLeJUgiFE7zF7bfdcajTozv07lX1R0LF.png?w=1024&,
815,Middle-earth: Shadow of War,show,hide,Primaria,PS5,https://image.api.playstation.com/cdn/UP1018/CUSA04408_00/H22G15Alh9YRC8aVCGTRk1SmIXimOYsg.png?w=1024&,
1114,Middle-earth: Shadow of War Definitive Edition,show,hide,Primaria,PS5,https://image.api.playstation.com/cdn/UP1018/CUSA04439_00/OqChuTHT6ANrFH7PgjlOTelLPqmOBSMn.png?w=1024&,
1114,Middle-earth: Shadow of War Definitive Edition,show,hide,Secundaria,PS5,https://image.api.playstation.com/cdn/UP1018/CUSA04439_00/OqChuTHT6ANrFH7PgjlOTelLPqmOBSMn.png?w=1024&,
1114,Middle-earth: Shadow of War Definitive Edition,show,hide,Secundaria,PS4,https://image.api.playstation.com/cdn/UP1018/CUSA04439_00/OqChuTHT6ANrFH7PgjlOTelLPqmOBSMn.png?w=1024&,
817,Middle-earth: The Shadow Bundle,show,hide,Primaria,PS5,https://image.api.playstation.com/vulcan/ap/rnd/202110/2600/WSkix0tJlfF141wAlSbZQCAb.png?w=1024&,
817,Middle-earth: The Shadow Bundle,show,hide,Secundaria,PS5,https://image.api.playstation.com/vulcan/ap/rnd/202110/2600/WSkix0tJlfF141wAlSbZQCAb.png?w=1024&,
817,Middle-earth: The Shadow Bundle,show,hide,Secundaria,PS4,https://image.api.playstation.com/vulcan/ap/rnd/202110/2600/WSkix0tJlfF141wAlSbZQCAb.png?w=1024&,
819,Minecraft,hide,show,Primaria,PS5,https://image.api.playstation.com/vulcan/ap/rnd/202407/0401/670c294ded3baf4fa11068db2ec6758c63f7daeb266a35a1.png?w=1024&,
1073,MLB The Show 23 PS4,show,hide,Primaria,PS5,https://image.api.playstation.com/vulcan/ap/rnd/202301/2100/ksGvOUolBKzauHyiPalnLUKN.png?w=1024&,
841,Mortal Kombat 1: Definitive Edition,hide,show,Secundaria,PS5,https://image.api.playstation.com/vulcan/ap/rnd/202505/0121/580864f66738607a1425a3d7814efb6ea609d0b035c368b5.png?w=1024&,
836,Mortal Kombat 11 Ultimate PS4 & PS5,show,show,Primaria,PS5,https://image.api.playstation.com/vulcan/ap/rnd/202010/0822/SbTOirUJUZ3oNQG0eGDZAuCr.png?w=1024&,3.5
836,Mortal Kombat 11 Ultimate PS4 & PS5,show,show,Secundaria,PS5,https://image.api.playstation.com/vulcan/ap/rnd/202010/0822/SbTOirUJUZ3oNQG0eGDZAuCr.png?w=1024&,
836,Mortal Kombat 11 Ultimate PS4 & PS5,show,show,Secundaria,PS4,https://image.api.playstation.com/vulcan/ap/rnd/202010/0822/SbTOirUJUZ3oNQG0eGDZAuCr.png?w=1024&,2.5
837,Mortal Kombat X,show,hide,Primaria,PS5,https://image.api.playstation.com/cdn/UP1018/CUSA00967_00/5qUomx38PSHOJ5Krej4YQYkPmfqSonCW.png?w=1024&,
837,Mortal Kombat X,show,hide,Secundaria,PS5,https://image.api.playstation.com/cdn/UP1018/CUSA00967_00/5qUomx38PSHOJ5Krej4YQYkPmfqSonCW.png?w=1024&,
837,Mortal Kombat X,show,hide,Secundaria,PS4,https://image.api.playstation.com/cdn/UP1018/CUSA00967_00/5qUomx38PSHOJ5Krej4YQYkPmfqSonCW.png?w=1024&,
839,Mortal Kombat XL,show,hide,Primaria,PS5,https://image.api.playstation.com/cdn/UP1018/CUSA03589_00/ezdXAsaNqjRSG19ujCjT1p1KqoI67wDO.png?w=1024&,
839,Mortal Kombat XL,show,hide,Secundaria,PS5,https://image.api.playstation.com/cdn/UP1018/CUSA03589_00/ezdXAsaNqjRSG19ujCjT1p1KqoI67wDO.png?w=1024&,
843,MudRunner - American Wilds Edition,show,hide,Primaria,PS5,https://image.api.playstation.com/cdn/UP4133/CUSA09936_00/zgWd62VcyTyAE1jE3JFcLY1hFftyBIez.png?w=1024&,
843,MudRunner - American Wilds Edition,show,hide,Secundaria,PS5,https://image.api.playstation.com/cdn/UP4133/CUSA09936_00/zgWd62VcyTyAE1jE3JFcLY1hFftyBIez.png?w=1024&,
843,MudRunner - American Wilds Edition,show,hide,Secundaria,PS4,https://image.api.playstation.com/cdn/UP4133/CUSA09936_00/zgWd62VcyTyAE1jE3JFcLY1hFftyBIez.png?w=1024&,
856,NBA 2K26 for PS5,show,show,Primaria,PS4,https://image.api.playstation.com/vulcan/ap/rnd/202506/2509/ec1eec85d9130210701491db769cb9874cc09f6512ebca20.png?w=1024&,
856,NBA 2K26 for PS5,show,show,Secundaria,PS5,https://image.api.playstation.com/vulcan/ap/rnd/202506/2509/ec1eec85d9130210701491db769cb9874cc09f6512ebca20.png?w=1024&,
856,NBA 2K26 for PS5,show,show,Secundaria,PS4,https://image.api.playstation.com/vulcan/ap/rnd/202506/2509/ec1eec85d9130210701491db769cb9874cc09f6512ebca20.png?w=1024&,
859,Need for Speed Deluxe Edition,show,hide,Primaria,PS5,https://image.api.playstation.com/cdn/UP0006/CUSA01925_00/RxeNb9Ph1y2VhBGv5Ct0tuY6f5xC4t9f.png?w=1024&,
859,Need for Speed Deluxe Edition,show,hide,Secundaria,PS5,https://image.api.playstation.com/cdn/UP0006/CUSA01925_00/RxeNb9Ph1y2VhBGv5Ct0tuY6f5xC4t9f.png?w=1024&,
859,Need for Speed Deluxe Edition,show,hide,Secundaria,PS4,https://image.api.playstation.com/cdn/UP0006/CUSA01925_00/RxeNb9Ph1y2VhBGv5Ct0tuY6f5xC4t9f.png?w=1024&,
860,Need for Speed Heat,show,hide,Primaria,PS5,https://image.api.playstation.com/vulcan/ap/rnd/202210/3121/Xz6kd2CORZxe8JnfNJwvA35A.png?w=1024&,
869,Outer Wilds,show,show,Primaria,PS5,https://image.api.playstation.com/vulcan/ap/rnd/202208/1623/Zofebh60Ue7Zt5sC10UAtU3D.png?w=1024&,
869,Outer Wilds,show,show,Secundaria,PS5,https://image.api.playstation.com/vulcan/ap/rnd/202208/1623/Zofebh60Ue7Zt5sC10UAtU3D.png?w=1024&,
869,Outer Wilds,show,show,Secundaria,PS4,https://image.api.playstation.com/vulcan/ap/rnd/202208/1623/Zofebh60Ue7Zt5sC10UAtU3D.png?w=1024&,
1100,Outlast,show,hide,Primaria,PS5,https://image.api.playstation.com/cdn/UP2113/CUSA00325_00/M7Xcn9Q7mUkmm3dSilcsbkORlPPiQ0VK.png?w=1024&,
1100,Outlast,show,hide,Secundaria,PS5,https://image.api.playstation.com/cdn/UP2113/CUSA00325_00/M7Xcn9Q7mUkmm3dSilcsbkORlPPiQ0VK.png?w=1024&,
1100,Outlast,show,hide,Secundaria,PS4,https://image.api.playstation.com/cdn/UP2113/CUSA00325_00/M7Xcn9Q7mUkmm3dSilcsbkORlPPiQ0VK.png?w=1024&,
874,Overcooked! + Overcooked! 2,show,hide,Primaria,PS5,https://image.api.playstation.com/vulcan/img/cfn/11307qfloPmpI8WsxGaDJX00ygDP-kP3o9I_RFK2iSaUAF3Q8zEL-9k9tgMCZbhiNSjSDNUrA3979J55HkTijrsT0CEwtn9Y.png?w=1024&,
874,Overcooked! + Overcooked! 2,show,hide,Secundaria,PS5,https://image.api.playstation.com/vulcan/img/cfn/11307qfloPmpI8WsxGaDJX00ygDP-kP3o9I_RFK2iSaUAF3Q8zEL-9k9tgMCZbhiNSjSDNUrA3979J55HkTijrsT0CEwtn9Y.png?w=1024&,
874,Overcooked! + Overcooked! 2,show,hide,Secundaria,PS4,https://image.api.playstation.com/vulcan/img/cfn/11307qfloPmpI8WsxGaDJX00ygDP-kP3o9I_RFK2iSaUAF3Q8zEL-9k9tgMCZbhiNSjSDNUrA3979J55HkTijrsT0CEwtn9Y.png?w=1024&,
875,Overcooked! 2,show,hide,Primaria,PS5,https://image.api.playstation.com/cdn/UP4064/CUSA10940_00/r0sQ8zaOheA7nh6k6pxzYMT41CnR42rF.png?w=1024&,
875,Overcooked! 2,show,hide,Secundaria,PS5,https://image.api.playstation.com/cdn/UP4064/CUSA10940_00/r0sQ8zaOheA7nh6k6pxzYMT41CnR42rF.png?w=1024&,
875,Overcooked! 2,show,hide,Secundaria,PS4,https://image.api.playstation.com/cdn/UP4064/CUSA10940_00/r0sQ8zaOheA7nh6k6pxzYMT41CnR42rF.png?w=1024&,
879,PAYDAY 2: CRIMEWAVE EDITION,show,hide,Primaria,PS5,https://image.api.playstation.com/vulcan/ap/rnd/202409/1918/b60749d24089932103168859d0c96c79db75383c55e4de18.png?w=1024&,
879,PAYDAY 2: CRIMEWAVE EDITION,show,hide,Secundaria,PS5,https://image.api.playstation.com/vulcan/ap/rnd/202409/1918/b60749d24089932103168859d0c96c79db75383c55e4de18.png?w=1024&,
879,PAYDAY 2: CRIMEWAVE EDITION,show,hide,Secundaria,PS4,https://image.api.playstation.com/vulcan/ap/rnd/202409/1918/b60749d24089932103168859d0c96c79db75383c55e4de18.png?w=1024&,
893,Plants vs. Zombies: Battle for Neighborville,show,hide,Primaria,PS5,https://image.api.playstation.com/vulcan/img/rnd/202008/3107/m04V1Wbq0ag6IAp3UozdjSCh.png?w=1024&,
893,Plants vs. Zombies: Battle for Neighborville,show,hide,Secundaria,PS5,https://image.api.playstation.com/vulcan/img/rnd/202008/3107/m04V1Wbq0ag6IAp3UozdjSCh.png?w=1024&,
893,Plants vs. Zombies: Battle for Neighborville,show,hide,Secundaria,PS4,https://image.api.playstation.com/vulcan/img/rnd/202008/3107/m04V1Wbq0ag6IAp3UozdjSCh.png?w=1024&,
896,Plants vs. Zombies Garden Warfare 2: Deluxe Edition,show,hide,Primaria,PS5,https://image.api.playstation.com/cdn/UP0006/CUSA01975_00/8CyrHzRlnhSiKhNThSS98tinxsLGeaDi.png?w=1024&,
896,Plants vs. Zombies Garden Warfare 2: Deluxe Edition,show,hide,Secundaria,PS5,https://image.api.playstation.com/cdn/UP0006/CUSA01975_00/8CyrHzRlnhSiKhNThSS98tinxsLGeaDi.png?w=1024&,
896,Plants vs. Zombies Garden Warfare 2: Deluxe Edition,show,hide,Secundaria,PS4,https://image.api.playstation.com/cdn/UP0006/CUSA01975_00/8CyrHzRlnhSiKhNThSS98tinxsLGeaDi.png?w=1024&,
897,Poppy Playtime: Chapter 1,show,hide,Primaria,PS5,https://image.api.playstation.com/vulcan/ap/rnd/202310/2416/f4c095be7b000a29b298dda4b8a1c28f472466b25f44f1f7.png?w=1024&,
897,Poppy Playtime: Chapter 1,show,hide,Secundaria,PS5,https://image.api.playstation.com/vulcan/ap/rnd/202310/2416/f4c095be7b000a29b298dda4b8a1c28f472466b25f44f1f7.png?w=1024&,
897,Poppy Playtime: Chapter 1,show,hide,Secundaria,PS4,https://image.api.playstation.com/vulcan/ap/rnd/202310/2416/f4c095be7b000a29b298dda4b8a1c28f472466b25f44f1f7.png?w=1024&,
1159,Pro Flight Simulator,hide,show,Primaria,PS4,https://image.api.playstation.com/vulcan/ap/rnd/202410/2401/6d79e4ac57d23ed1e741924ded60b4df983d7bf41db057a9.png?w=1024&,
1159,Pro Flight Simulator,hide,show,Secundaria,PS5,https://image.api.playstation.com/vulcan/ap/rnd/202410/2401/6d79e4ac57d23ed1e741924ded60b4df983d7bf41db057a9.png?w=1024&,
1159,Pro Flight Simulator,hide,show,Secundaria,PS4,https://image.api.playstation.com/vulcan/ap/rnd/202410/2401/6d79e4ac57d23ed1e741924ded60b4df983d7bf41db057a9.png?w=1024&,
903,Ratchet & Clank: Rift Apart,hide,show,Secundaria,PS5,https://image.api.playstation.com/vulcan/ap/rnd/202101/2921/DwVjpbKOsFOyPdNzmSTSWuxG.png?w=1024&,
1180,Ready or Not,hide,show,Secundaria,PS5,https://image.api.playstation.com/vulcan/ap/rnd/202504/0914/ccad4abd77d40d3b3c7d77b8e4c9024fae86df781334ed93.png?w=1024&,
913,Red Dead Redemption 2: Ultimate Edition,show,hide,Secundaria,PS5,https://image.api.playstation.com/cdn/UP1004/CUSA03041_00/3zDubiWo2X5WU18FGiwlsf4lKWb8MwkE.png?w=1024&,
913,Red Dead Redemption 2: Ultimate Edition,show,hide,Secundaria,PS4,https://image.api.playstation.com/cdn/UP1004/CUSA03041_00/3zDubiWo2X5WU18FGiwlsf4lKWb8MwkE.png?w=1024&,
1076,Resident Evil 4 Gold Edition PS4 & PS5,show,show,Primaria,PS5,https://image.api.playstation.com/vulcan/ap/rnd/202401/2906/78161bc117f3d712bca47348db7a8be7e4ac6c4a2b98d88a.png?w=1024&,12.0
1076,Resident Evil 4 Gold Edition PS4 & PS5,show,show,Secundaria,PS5,https://image.api.playstation.com/vulcan/ap/rnd/202401/2906/78161bc117f3d712bca47348db7a8be7e4ac6c4a2b98d88a.png?w=1024&,
1076,Resident Evil 4 Gold Edition PS4 & PS5,show,show,Secundaria,PS4,https://image.api.playstation.com/vulcan/ap/rnd/202401/2906/78161bc117f3d712bca47348db7a8be7e4ac6c4a2b98d88a.png?w=1024&,
921,Resident Evil 6,show,hide,Primaria,PS5,https://image.api.playstation.com/vulcan/img/cfn/11307iFekmRyvczwhwVHpodf6iiXjo8Duo5SDvbbjvQX0vC0NZ6lXPooKItDs7qBEGnf_OUQu9sqPtfVVbAnZFU8Mb8DpvH_.png?w=1024&,
921,Resident Evil 6,show,hide,Secundaria,PS5,https://image.api.playstation.com/vulcan/img/cfn/11307iFekmRyvczwhwVHpodf6iiXjo8Duo5SDvbbjvQX0vC0NZ6lXPooKItDs7qBEGnf_OUQu9sqPtfVVbAnZFU8Mb8DpvH_.png?w=1024&,
921,Resident Evil 6,show,hide,Secundaria,PS4,https://image.api.playstation.com/vulcan/img/cfn/11307iFekmRyvczwhwVHpodf6iiXjo8Duo5SDvbbjvQX0vC0NZ6lXPooKItDs7qBEGnf_OUQu9sqPtfVVbAnZFU8Mb8DpvH_.png?w=1024&,3.0
929,Resident Evil Revelations 2 Deluxe Edition,show,hide,Secundaria,PS5,https://image.api.playstation.com/cdn/UP0102/CUSA00924_00/gri8C5T2j5pLUw4e9szA9npjaswoCsKI.png?w=1024&,
929,Resident Evil Revelations 2 Deluxe Edition,show,hide,Secundaria,PS4,https://image.api.playstation.com/cdn/UP0102/CUSA00924_00/gri8C5T2j5pLUw4e9szA9npjaswoCsKI.png?w=1024&,
934,Riders Republic Skate Edition,show,show,Primaria,PS5,https://image.api.playstation.com/vulcan/ap/rnd/202308/0718/9b6c9c4b0d240309dcb121618e0febdc525222ddd9b9930f.png?w=1024&,
934,Riders Republic Skate Edition,show,show,Secundaria,PS5,https://image.api.playstation.com/vulcan/ap/rnd/202308/0718/9b6c9c4b0d240309dcb121618e0febdc525222ddd9b9930f.png?w=1024&,
934,Riders Republic Skate Edition,show,show,Secundaria,PS4,https://image.api.playstation.com/vulcan/ap/rnd/202308/0718/9b6c9c4b0d240309dcb121618e0febdc525222ddd9b9930f.png?w=1024&,
966,Rise of the Tomb Raider: 20 Year Celebration,show,hide,Secundaria,PS5,https://image.api.playstation.com/cdn/UP0082/CUSA05794_00/HzYMHoXoANNfVJ5BlxcTJ8bpCHCW3j8j.png?w=1024&,
966,Rise of the Tomb Raider: 20 Year Celebration,show,hide,Secundaria,PS4,https://image.api.playstation.com/cdn/UP0082/CUSA05794_00/HzYMHoXoANNfVJ5BlxcTJ8bpCHCW3j8j.png?w=1024&,
936,Rooftops & Alleys: The Parkour Game,hide,show,Secundaria,PS5,https://image.api.playstation.com/vulcan/ap/rnd/202504/1008/8e01a5f8b523d73ff80a985620989bf97d9e4e8570eef3f1.png?w=1024&,
1175,Saints Row IV Re-Elected,show,hide,Primaria,PS5,https://image.api.playstation.com/cdn/UP2047/CUSA01164_00/nhM6vndQ0hzEwA6FKh99Kjq9ILNaQ8tm.png?w=1024&,
1175,Saints Row IV Re-Elected,show,hide,Secundaria,PS5,https://image.api.playstation.com/cdn/UP2047/CUSA01164_00/nhM6vndQ0hzEwA6FKh99Kjq9ILNaQ8tm.png?w=1024&,
1175,Saints Row IV Re-Elected,show,hide,Secundaria,PS4,https://image.api.playstation.com/cdn/UP2047/CUSA01164_00/nhM6vndQ0hzEwA6FKh99Kjq9ILNaQ8tm.png?w=1024&,
940,SCARLET NEXUS Deluxe Edition PS4 & PS5,show,show,Primaria,PS4,https://image.api.playstation.com/vulcan/ap/rnd/202102/2303/wOaKHu4VK4n4sVGU5XGnWzZY.png?w=1024&,
971,Sekiro: Shadows Die Twice - Game of the Year Edition,show,hide,Secundaria,PS5,https://image.api.playstation.com/vulcan/img/rnd/202010/2723/knxU5uU5aKvQChKX5OvWtSGC.png?w=1024&,
971,Sekiro: Shadows Die Twice - Game of the Year Edition,show,hide,Secundaria,PS4,https://image.api.playstation.com/vulcan/img/rnd/202010/2723/knxU5uU5aKvQChKX5OvWtSGC.png?w=1024&,
1195,SHADOW OF THE COLOSSUS,show,hide,Secundaria,PS5,https://image.api.playstation.com/vulcan/img/rnd/202010/2319/XtqYrG2LWer39eExYBsh9J5x.png?w=1024&,
1195,SHADOW OF THE COLOSSUS,show,hide,Secundaria,PS4,https://image.api.playstation.com/vulcan/img/rnd/202010/2319/XtqYrG2LWer39eExYBsh9J5x.png?w=1024&,
954,Sniper Elite V2 Remastered,show,hide,Secundaria,PS5,https://image.api.playstation.com/cdn/UP4363/CUSA12404_00/lE6iCKmXnRDxHlgfoAY8nME8ym9KCYGS.png?w=1024&,
954,Sniper Elite V2 Remastered,show,hide,Secundaria,PS4,https://image.api.playstation.com/cdn/UP4363/CUSA12404_00/lE6iCKmXnRDxHlgfoAY8nME8ym9KCYGS.png?w=1024&,
984,TEKKEN 7,show,hide,Primaria,PS5,https://image.api.playstation.com/cdn/UP0700/CUSA05972_00/4yfeeKKfJdD5WzDQsoiM3xrcqPlpDLm7.png?w=1024&,
984,TEKKEN 7,show,hide,Secundaria,PS5,https://image.api.playstation.com/cdn/UP0700/CUSA05972_00/4yfeeKKfJdD5WzDQsoiM3xrcqPlpDLm7.png?w=1024&,
984,TEKKEN 7,show,hide,Secundaria,PS4,https://image.api.playstation.com/cdn/UP0700/CUSA05972_00/4yfeeKKfJdD5WzDQsoiM3xrcqPlpDLm7.png?w=1024&,
1094,The Crew Motorfest,show,hide,Primaria,PS5,https://image.api.playstation.com/vulcan/ap/rnd/202305/2315/607d9ed1ac762c9de33ef73fd09b3431d0b96ef4985ac2fb.png?w=1024&,16.0
1094,The Crew Motorfest,show,hide,Secundaria,PS5,https://image.api.playstation.com/vulcan/ap/rnd/202305/2315/607d9ed1ac762c9de33ef73fd09b3431d0b96ef4985ac2fb.png?w=1024&,
1094,The Crew Motorfest,show,hide,Secundaria,PS4,https://image.api.playstation.com/vulcan/ap/rnd/202305/2315/607d9ed1ac762c9de33ef73fd09b3431d0b96ef4985ac2fb.png?w=1024&,
999,The Evil Within 2,show,hide,Primaria,PS5,https://image.api.playstation.com/vulcan/ap/rnd/202010/0100/iLBYSuHyeGG5CVXTkSm4MKTo.png?w=1024&,
999,The Evil Within 2,show,hide,Secundaria,PS5,https://image.api.playstation.com/vulcan/ap/rnd/202010/0100/iLBYSuHyeGG5CVXTkSm4MKTo.png?w=1024&,
999,The Evil Within 2,show,hide,Secundaria,PS4,https://image.api.playstation.com/vulcan/ap/rnd/202010/0100/iLBYSuHyeGG5CVXTkSm4MKTo.png?w=1024&,
1108,THE FOREST,show,hide,Primaria,PS5,https://image.api.playstation.com/cdn/UP0240/CUSA10518_00/Zgjse2LA3r6ZknG2wN4FDAmUuZXwe09g.png?w=1024&,14.0
1108,THE FOREST,show,hide,Secundaria,PS5,https://image.api.playstation.com/cdn/UP0240/CUSA10518_00/Zgjse2LA3r6ZknG2wN4FDAmUuZXwe09g.png?w=1024&,
1108,THE FOREST,show,hide,Secundaria,PS4,https://image.api.playstation.com/cdn/UP0240/CUSA10518_00/Zgjse2LA3r6ZknG2wN4FDAmUuZXwe09g.png?w=1024&,
1005,The Last Of Us Remastered,show,hide,Secundaria,PS5,https://image.api.playstation.com/vulcan/img/rnd/202011/1020/FKgazVvG7BcWouCr39mIiXkW.png?w=1024&,
1005,The Last Of Us Remastered,show,hide,Secundaria,PS4,https://image.api.playstation.com/vulcan/img/rnd/202011/1020/FKgazVvG7BcWouCr39mIiXkW.png?w=1024&,
1012,The Witcher 3: Wild Hunt ? Complete Edition,show,show,Primaria,PS5,https://image.api.playstation.com/vulcan/ap/rnd/202211/0714/S1jCzktWD7XJSRkz4kNYNVM0.png?w=1024&,
1012,The Witcher 3: Wild Hunt ? Complete Edition,show,show,Secundaria,PS5,https://image.api.playstation.com/vulcan/ap/rnd/202211/0714/S1jCzktWD7XJSRkz4kNYNVM0.png?w=1024&,
1012,The Witcher 3: Wild Hunt ? Complete Edition,show,show,Secundaria,PS4,https://image.api.playstation.com/vulcan/ap/rnd/202211/0714/S1jCzktWD7XJSRkz4kNYNVM0.png?w=1024&,
1014,Tom Clancys Ghost Recon Breakpoint,show,hide,Primaria,PS5,https://image.api.playstation.com/vulcan/img/rnd/202109/0713/yde6GT9WPbcAUL1QyqjumHs9.png?w=1024&,9.5
1014,Tom Clancys Ghost Recon Breakpoint,show,hide,Secundaria,PS5,https://image.api.playstation.com/vulcan/img/rnd/202109/0713/yde6GT9WPbcAUL1QyqjumHs9.png?w=1024&,
1014,Tom Clancys Ghost Recon Breakpoint,show,hide,Secundaria,PS4,https://image.api.playstation.com/vulcan/img/rnd/202109/0713/yde6GT9WPbcAUL1QyqjumHs9.png?w=1024&,
1015,Tomb Raider I-III Remastered Starring Lara Croft,show,show,Primaria,PS4,https://image.api.playstation.com/vulcan/ap/rnd/202402/0221/b10e4dff0c3c4ba38ef9a331671b156c70bdfadc32a8f5cf.png?w=1024&,
1015,Tomb Raider I-III Remastered Starring Lara Croft,show,show,Secundaria,PS5,https://image.api.playstation.com/vulcan/ap/rnd/202402/0221/b10e4dff0c3c4ba38ef9a331671b156c70bdfadc32a8f5cf.png?w=1024&,
1015,Tomb Raider I-III Remastered Starring Lara Croft,show,show,Secundaria,PS4,https://image.api.playstation.com/vulcan/ap/rnd/202402/0221/b10e4dff0c3c4ba38ef9a331671b156c70bdfadc32a8f5cf.png?w=1024&,
1023,Tomb Raider: Definitive Survivor Trilogy,show,hide,Secundaria,PS5,https://image.api.playstation.com/vulcan/ap/rnd/202103/0411/6WCniRsHGdHc6mJU7rOQ6yRu.png?w=1024&,
1023,Tomb Raider: Definitive Survivor Trilogy,show,hide,Secundaria,PS4,https://image.api.playstation.com/vulcan/ap/rnd/202103/0411/6WCniRsHGdHc6mJU7rOQ6yRu.png?w=1024&,
1037,UNCHARTED 4: A Thief�s End & UNCHARTED: The Lost Legacy Digital Bundle,show,hide,Secundaria,PS5,https://image.api.playstation.com/vulcan/ap/rnd/202111/2001/9Vdas199J3tqxTIBWGijbpjW.png?w=1024&,
1037,UNCHARTED 4: A Thief�s End & UNCHARTED: The Lost Legacy Digital Bundle,show,hide,Secundaria,PS4,https://image.api.playstation.com/vulcan/ap/rnd/202111/2001/9Vdas199J3tqxTIBWGijbpjW.png?w=1024&,
1041,Unravel Yarny Bundle,show,hide,Secundaria,PS5,https://image.api.playstation.com/cdn/UP0006/CUSA10483_00/lRdXLpPuerDVd7823MfTrlvs9794nR3t.png?w=1024&,
1041,Unravel Yarny Bundle,show,hide,Secundaria,PS4,https://image.api.playstation.com/cdn/UP0006/CUSA10483_00/lRdXLpPuerDVd7823MfTrlvs9794nR3t.png?w=1024&,
1046,Watch Dogs 2 - Gold Edition,show,hide,Primaria,PS5,https://image.api.playstation.com/cdn/UP0001/CUSA04459_00/y8TeaM5QNY5bdsi9nNY2WPUAeJ9FeY6I.png?w=1024&,
